,Algorithm,ProofType,TotalCoinsMined,TotalCoinSupply,PC 1,PC 2,PC 3,class,CoinName
0,Scrypt,PoW/PoS,41.99995383,42.0,,,,,
1,Scrypt,PoW/PoS,1055184902.04,532000000.0,,,,,
2,X13,PoW/PoS,29279424622.5027,314159265359.0,,,,,
3,SHA-256,PoW,17927175.0,21000000.0,,,,,
4,Ethash,PoW,107684222.6865,0.0,,,,,
5,Scrypt,PoW,63039243.3000049,84000000.0,,,,,
6,X11,PoW/PoS,9031294.37563393,22000000.0,,,,,
7,CryptoNight-V7,PoW,17201143.1449131,0.0,,,,,
8,Ethash,PoW,113359703.0,210000000.0,,,,,
9,Equihash,PoW,7383056.25,21000000.0,,,,,
10,SHA-512,PoS,2741570000.0,3600570502.0,,,,,
11,Multiple,PoW,11406219141.0,21000000000.0,,,,,
12,SHA-256,PoW/PoS,1288862.0,22000000.0,,,,,
13,SHA-256,PoS,11995334.8847328,12500000.0,,,,,
14,Scrypt,PoW,5768310.0,21000000.0,,,,,
15,X15,PoW/PoS,25542535.5881841,350000000.0,,,,,
16,X11,PoW,11149733.9976203,20000000.0,,,,,
17,Scrypt,PoW,12205795.4449549,64000000.0,,,,,
18,Scrypt,PoW/PoS,18135099.992959,16768584.0,,,,,
19,Scrypt,PoW/PoS,635423900.0,0.0,,,,,
20,Multiple,PoW,1688254250.0,2000000000.0,,,,,
21,Scrypt,PoW,88.0,384000000000.0,,,,,
22,SHA-256,PoW,170204389.754849,169795588.0,,,,,
23,Scrypt,PoW,128940951.183046,250000000.0,,,,,
24,Scrypt,PoW,7357794.7925,100000000.0,,,,,
25,Scrypt,PoW/PoS,123062801.128773,0.0,,,,,
26,Quark,PoW,259557164.91477,247000000.0,,,,,
27,Groestl,PoW,49548585.1412917,84000000.0,,,,,
28,Scrypt,PoW,33442988.3440364,48166000.0,,,,,
29,Scrypt,PoW/PoS,42579.476901,500000.0,,,,,
30,Scrypt,PoW,7219956.64626131,21000000.0,,,,,
31,Scrypt,PoW/PoS,1039116.65144562,1000000.0,,,,,
32,Scrypt,PoW,4703879.51824446,13140000.0,,,,,
33,X11,PoW,4996986.20575291,18000000.0,,,,,
34,Scrypt,PoC,39999997299.8568,40000000000.0,,,,,
35,Groestl,PoW/PoS,3304487.74735637,4380000.0,,,,,
36,Multiple,PoW,15929530669.1206,16555000000.0,,,,,
37,SHA-256,PoW,18773857500.0,21000000000.0,,,,,
38,Scrypt,PoW,12539015186.822,13500000000.0,,,,,
39,Scrypt,PoW,20910478.8062499,21000000.0,,,,,
40,Scrypt,PoW,218871896.499999,299792458.0,,,,,
41,Scrypt,PoW,19496786.31025,32000000.0,,,,,
42,PoS,PoS,5679705.0,0.0,,,,,
43,Scrypt,PoS/PoW/PoT,461829905.32893,0.0,,,,,
44,Scrypt,PoW,1142732.14912776,11235813.0,,,,,
45,NeoScrypt,PoW,208669093.00773,336000000.0,,,,,
46,Scrypt,PoW,884125802.0,1420609614.0,,,,,
47,Scrypt,PoW,65672720.4708748,70000000.0,,,,,
48,Scrypt,PoW,41658647.9999715,72245700.0,,,,,
49,Scrypt,PoW/PoS,89266933.684704,120000000.0,,,,,
50,X11,PoS,1678520090.7713,0.0,,,,,
51,Scrypt,PoW,90595753018.6314,90600000000.0,,,,,
52,X11,PoW/PoS,17650913.9743456,22000000.0,,,,,
53,SHA-256,PoW,21089348.999,21000000.0,,,,,
54,Scrypt,PoW,151447649.8,265420800.0,,,,,
55,Scrypt,PoW,19326319.14375,20000000.0,,,,,
56,Scrypt,PoW,1104344.22938102,1350000.0,,,,,
57,SHA3,PoW/PoS,61445805.0,100000000.0,,,,,
58,Scrypt,PoW,38151999.9930997,42000000.0,,,,,
59,HybridScryptHash256,PoW,40431856.9,200000000.0,,,,,
60,Scrypt,PoS,21293925445.4969,0.0,,,,,
61,Scrypt,PoW,5804204.88794916,10000000.0,,,,,
62,SHA-256,PoW/PoS,1613836099.99999,2419200000.0,,,,,
63,Scrypt,PoS,16180000.0,16180000.0,,,,,
64,X13,PoW/PoS,66087096.2077108,0.0,,,,,
65,Scrypt,PoW,2366066305.76482,15000000000.0,,,,,
66,SHA-256,PoW,14736400.0,21000000.0,,,,,
67,Scrypt,PoW,334709223.483138,337000000.0,,,,,
68,X13,PoW/PoS,15156364.3306548,0.0,,,,,
69,NeoScrypt,PoW/PoS,3220616.279225,3770000.0,,,,,
70,Scrypt,PoW/PoS,222677226.014206,420000000.0,,,,,
71,Scrypt,PoW/PoS,73959274.625,98000000.0,,,,,
72,Scrypt,PoW/PoS,29315567169.0888,0.0,,,,,
73,Scrypt,PoW,1104157.42169891,21000000.0,,,,,
74,Scrypt,PoW,24215181.725,250000000.0,,,,,
75,Scrypt,PoW,25593737.1355044,51200000.0,,,,,
76,X11,PoS,50707661.7493518,0.0,,,,,
77,X11,PoW/PoS,1177.0,1000.0,,,,,
78,SHA-256,PoW,563336541.299966,888000000.0,,,,,
79,Multiple,PoS,80260463.7331396,100000000.0,,,,,
80,SHA-256,PoW,43536800.0,47011968.0,,,,,
81,PHI1612,PoS,1622326490.46336,2300000000.0,,,,,
82,X11,PoW/PoS,1431851.00002479,10000000.0,,,,,
83,SHA-256,PoW,22935396.0,42000000.0,,,,,
84,SHA-256,PoW,2278150.0,80000000.0,,,,,
85,SHA-256,PoW,200911.79151896,250000.0,,,,,
86,X11,PoW,1207310.0,0.0,,,,,
87,Scrypt,PoW/PoS,1098952592.6,1600000000.0,,,,,
88,Scrypt,PoW/PoS,50235211.141939,100000000.0,,,,,
89,Scrypt,PoW,23150892.1679687,23000000.0,,,,,
90,Scrypt,PoST,32021108.4136696,0.0,,,,,
91,Lyra2REv2,PoW,51173723.8166347,84000000.0,,,,,
92,Scrypt,PoW,119606941.0,265420800.0,,,,,
93,X11,PoW/PoS,6950831.0970606,5500000.0,,,,,
94,Multiple,PoS,100000000.0,0.0,,,,,
95,SHA-256,PoW,39195739.362088,45000000.0,,,,,
96,X13,PoW/PoS,33093725.4123502,0.0,,,,,
97,Scrypt,PoW/PoS,147990237.978331,1000000000.0,,,,,
98,CryptoNight,PoW,184066828814.0,184467440735.0,,,,,
99,CryptoNight,PoW,6906587610.38292,10000000000.0,,,,,
100,Shabal256,PoC,1813033920.0,2158812800.0,,,,,
101,Counterparty,PoS,51173144.0,500000000.0,,,,,
102,Scrypt,PoW,68194674.8711679,105120000.0,,,,,
103,SHA-256,PoW/PoS,39121694.0,68000000.0,,,,,
104,Groestl,PoW/PoS,53193831.0,0.0,,,,,
105,Scrypt,PoW,415032420.0,1680000000.0,,,,,
106,Scrypt,PoS,27184490.3918338,0.0,,,,,
107,Scrypt,PoW,137517654.41397,166386000.0,,,,,
108,X13,PoW/PoS,2022464.886973,12000000.0,,,,,
109,Scrypt,PoW,181919.2435974,2628000.0,,,,,
110,Scrypt,PoS,174646113.934655,500000000.0,,,,,
111,Scrypt,PoW,152270664.860648,160000000.0,,,,,
112,Scrypt,PoW/PoS,1467841.0,0.0,,,,,
113,X13,PoW/PoS,7096834.0,10000000.0,,,,,
114,Scrypt,PoW,792537250.0,1000000000.0,,,,,
115,Stanford Folding,PoW,719416990.0,1000000000.0,,,,,
116,X11,PoS,2689812.0,20000000.0,,,,,
117,Multiple,PoW,65113302.0,0.0,,,,,
118,QuBit,PoW,6365285.0,0.0,,,,,
119,Scrypt,PoW,10140044.4430293,3371337.0,,,,,
120,Scrypt,PoW/PoS,11604722.0,20000000.0,,,,,
121,Scrypt,PoW,4610340640.89,10000000000.0,,,,,
122,M7 POW,PoW,708506520.0,1840000000.0,,,,,
123,Scrypt,PoW,619478.0,619478.0,,,,,
124,SHA-256,PoW,12462620.0,21000000.0,,,,,
125,Scrypt,PoW,88213.0,92000000000.0,,,,,
126,X11,PoW/PoS,1513704.0,0.0,,,,,
127,SHA3,PoW/nPoS,63657220.0,78000000.0,,,,,
128,X11,PoW,32221574.820996,33000000.0,,,,,
129,Lyra2RE,PoW,13742738.0,65789100.0,,,,,
130,SHA-256,PoW,14747200.0002,53760000.0,,,,,
131,QUAIT,PoW/PoS,8568038.35935056,5060000.0,,,,,
132,X11,PoW,15863837.5,21000000.0,,,,,
133,X11,PoS/PoW,329200.01639,0.0,,,,,
134,Scrypt,PoW,32565300.0,210240000.0,,,,,
135,Scrypt,PoW,75614500.0,250000000.0,,,,,
136,Scrypt,PoS,100000000.0,100000000.0,,,,,
137,Ethash,PoW,10495278.0,16906397.0,,,,,
138,X13,PoW/PoS,23042604.0,50000000.0,,,,,
139,Blake2b,PoW,33098296530.0,0.0,,,,,
140,SHA-256,PoW/PoS,43059794.804778,1000000000.0,,,,,
141,X15,PoW/PoS,13530556.4180753,26298000.0,,,,,
142,X11,PoW,15867695.0,16000000.0,,,,,
143,SHA-256,PoW,20997476.8650231,21000000.0,,,,,
144,BLAKE256,PoW/PoS,10365046.9281661,21000000.0,,,,,
145,Scrypt,PoW,210000000.0,210000000.0,,,,,
146,1GB AES Pattern Search,PoW,11448949.0,81962100.0,,,,,
147,SHA-256,PoW/PoS,3669691.84494672,22000000.0,,,,,
148,X11,PoW/PoS,10996318099.0,26550000000.0,,,,,
149,Scrypt,PoW,69836100.0,84000000.0,,,,,
150,SHA-256,PoW/PoS,5129014.0,10500000.0,,,,,
151,SHA-256,PoW,21739971929.0,21626280000.0,,,,,
152,NIST5,PoW/PoS,10069449031.9252,0.0,,,,,
153,Scrypt,PoW/PoS,8998743.2411911,42000000.0,,,,,
154,Scrypt,PoS,40477042.0,221052632.0,,,,,
155,X11,PoW,45110324.0,84000000.0,,,,,
156,Dagger,PoW,5702048.0,30000000.0,,,,,
157,Scrypt,PoW,636462.55983338,168351300.0,,,,,
158,X11GOST,PoW,17263355.0,24000000.0,,,,,
159,X11,PoW/PoS,10407269.7881868,384000000.0,,,,,
160,Scrypt,PoS,36971236046.8073,99000000000.0,,,,,
161,SHA-256,PoW/PoS,4377081.60953993,40000000.0,,,,,
162,Scrypt,PoC,2147483647.0,2147483647.0,,,,,
163,PoS,PoS,20000000.0,20000000.0,,,,,
164,Scrypt,PoW,6570807.65677618,20000000.0,,,,,
165,X11,PoW,13654082.4987998,25000000.0,,,,,
166,X11,PoW/PoS,134554941.15119,75000000.0,,,,,
167,SHA-256,PoW/PoS,1195525.0,222725000.0,,,,,
168,SHA-256,PoW/PoS,16662820.0,525000000.0,,,,,
169,NIST5,PoW/PoS,83450403.0,90000000.0,,,,,
170,X11,PoW/PoS,24387724.5010828,139000000.0,,,,,
171,Scrypt,PoW,616448.0,616448.0,,,,,
172,POS 3.0,PoS,38589808.6658096,33500000.0,,,,,
173,Scrypt,PoW/PoS,813092338.575672,2000000000.0,,,,,
174,Scrypt,PoW/PoS,4526324.0,44333333.0,,,,,
175,Scrypt,PoW/PoS,100000000.0,100000000.0,,,,,
176,X13,PoS,5000000.0,200000000.0,,,,,
177,X11,PoW,1377917.0,25000000.0,,,,,
178,X11,PoS,657000000.0,657000000.0,,,,,
179,Equihash,dPoW/PoW,115898131.0,200000000.0,,,,,
180,X11,PoW/PoS,15563873.0,50000000.0,,,,,
181,Scrypt,PoW/PoS,43165500.0,90000000.0,,,,,
182,CryptoNight,PoW,7822432.72439746,10000000.0,,,,,
183,SHA-256,PoW/PoS,595429.0,21000000.0,,,,,
184,SHA-256,PoW,6243840.0,9736000.0,,,,,
185,X11,PoW/PoS,657636.34549789,3000000.0,,,,,
186,Scrypt,PoW/PoS,2581970.0,21000000.0,,,,,
187,Multiple,PoW,1000000000.0,1200000000.0,,,,,
188,Scrypt,PoW/PoS,1939889.0,0.0,,,,,
189,Scrypt,PoW,116845228.0,200000000.0,,,,,
190,Scrypt,PoS,169598616.0,0.0,,,,,
191,SHA-256,PoW,9106714.0,10638298.0,,,,,
192,Scrypt,PoW/PoW,665200057.0,3100000000.0,,,,,
193,Scrypt,PoW,11119200.0,30000000.0,,,,,
194,SHA-256D,PoW/PoS,19577787259.0,20000000000.0,,,,,
195,PoS,PoS,74033806.7949683,74000000.0,,,,,
196,Scrypt,PoW/PoS,33522957.0,0.0,,,,,
197,X11,PoW/PoS,264678458.288619,1500000000.0,,,,,
198,Lyra2Z,PoW,7568281.24956067,21400000.0,,,,,
199,PoS,PoS,148716816.0,39999898.0,,,,,
200,X13,PoS,2500124.0,2500124.0,,,,,
201,X14,PoW/PoS,100000000.0,100000000.0,,,,,
202,PoS,PoS,17818682.1654,301000000.0,,,,,
203,SHA-256D,PoW/PoS,1082162635.53683,7506000000.0,,,,,
204,Ethash,PoW,26205539.0,26205539.0,,,,,
205,Equihash,PoW,5613550.0,21000000.0,,,,,
206,DPoS,DPoS,108202084.0,125000000.0,,,,,
207,X11,PoW/PoS,18342813.0,30000000.0,,,,,
208,Scrypt,PoW,196297971.0,10000000000.0,,,,,
209,X11,PoW,824000000.0,500000000.0,,,,,
210,X13,PoW/PoS,92192822723.0,850000000.0,,,,,
211,X11,PoW/PoS,3853326.77707314,3853326.77707314,,,,,
212,PoS,PoS,50000000.0,50000000.0,,,,,
213,Scrypt,PoW/PoS,17089600.0,38540000.0,,,,,
214,Scrypt,PoW/PoS,2449577.41533168,42000000.0,,,,,
215,X11,PoW,61364813.0,228000000.0,,,,,
216,PoS,PoS,20000000.0,20000000.0,,,,,
217,X11,PoW/PoS,6069482.07721352,60000000.0,,,,,
218,SHA-256,PoW/PoS,12416554.0,20000000.0,,,,,
219,Scrypt,PoW/PoS,20244023.640728,33000000.0,,,,,
220,X11,TPoS,75590369.0,76500000.0,,,,,
221,Scrypt,PoW/PoS,11080722.3769581,28000000.0,,,,,
222,Scrypt,PoW/PoS,10914418.0,650659833.0,,,,,
223,X11,PoW/PoS,814671.0,5000000.0,,,,,
224,CryptoNight,PoW,978145.0,21000000.0,,,,,
225,Scrypt,PoW/PoS,8377873.0,144000000.0,,,,,
226,Scrypt,PoS,33813143821.8337,32514916898.0,,,,,
227,Scrypt,PoW/PoS,3472983.0,13000000.0,,,,,
228,Scrypt,PoW/PoS,3315789.0,3315789.0,,,,,
229,Quark,PoS,10517772.7391666,15000000.0,,,,,
230,QuBit,PoW/PoS,30227750.0,78835200.0,,,,,
231,Scrypt,PoW,894026.0,2714286.0,,,,,
232,CryptoNight,PoW,9357088.0,25000000.0,,,,,
233,Lyra2RE,PoW,1876146.443596,9999999.0,,,,,
234,Scrypt,PoW/PoS,23965372.0,500000000.0,,,,,
235,SHA-256,PoW/PoS,2526078.47525448,21000000.0,,,,,
236,X11,PoW/PoS,5659096.95728771,9354000.0,,,,,
237,Scrypt,PoW/PoS,11821728.0,20000000.0,,,,,
238,X11,PoW,536982074.0,100000000000.0,,,,,
239,Scrypt,PoW/PoS,308179.0,21933333.0,,,,,
240,CryptoNight-V7,PoW,10969318.522954,185000000.0,,,,,
241,Scrypt,PoS,2922613.96424908,55000000.0,,,,,
242,Scrypt,PoW/PoS ,110000000.0,110000000.0,,,,,
243,Scrypt,PoW,3115258.0,3360000.0,,,,,
244,X13,PoS,14524851.4827,14524851.4827,,,,,
245,X11,PoW,30385540.0,1000000000.0,,,,,
246,Equihash,PoW,6921653.89980891,17000000.0,,,,,
247,Scrypt,PoW/PoS,1000000000.0,1000000000.0,,,,,
248,Scrypt,PoW,99843408.3158479,100000000.0,,,,,
249,Lyra2RE,PoW,18545757.5,21000000.0,,,,,
250,Scrypt,PoS,36050365.0,34426423.0,,,,,
251,Dagger-Hashimoto,PoW,2232901.0,2232901.0,,,,,
252,X11,PoW/PoS,13162749.0858027,100000000.0,,,,,
253,Blake2S,PoW/PoS,12184195.9258495,36900000.0,,,,,
254,X11,PoW/PoS,110630387.850471,110000000.0,,,,,
255,Scrypt,PoW,64096052.0,4000000000.0,,,,,
256,PoS,PoS,111135836.889,110290030.0,,,,,
257,X11,PoW/PoS,21521322.0099142,100000000.0,,,,,
258,NIST5,PoW,10123200.0,48252000.0,,,,,
259,PoS,PoS,401421401.0,400000000.0,,,,,
260,X11,PoW/PoS,121665451.643876,500000000.0,,,,,
261,Scrypt,PoW/PoS,5368934.0,21212121.0,,,,,
262,Scrypt,PoW/PoS,1148324.0,28600000.0,,,,,
263,Scrypt,PoW/PoS,500000.0,1000000000.0,,,,,
264,SHA-256,PoS,100545745.0,75000000000.0,,,,,
265,X11,PoW/PoS,17171382.0,40000000.0,,,,,
266,Scrypt,PoW,20276099.146524,35520400.0,,,,,
267,Scrypt,PoS,295135466.361878,2000000000.0,,,,,
268,SHA-256,PoW,1317747500.0,2500000000.0,,,,,
269,PoS,PoS,11390225.9742772,30000000.0,,,,,
270,Scrypt,PoW/PoS,21358764.0,105000000.0,,,,,
271,X15,PoW/PoS,40659020000.0,90000000000.0,,,,,
272,SHA-256,PoS,10343113.0,200084200.0,,,,,
273,Scrypt,PoW,13673406.4325268,72000000.0,,,,,
274,POS 3.0,PoS,100000000.0,100000000.0,,,,,
275,CryptoNight-V7,PoW,69036016.8340164,105000000.0,,,,,
276,536,PoW/PoS,22801882871.0,50000000000.0,,,,,
277,Argon2d,PoW,19784224.6512734,0.0,,,,,
278,Blake2b,PoW,133248297.0,340282367.0,,,,,
279,Cloverhash,PoW,18407259.0885883,30000000.0,,,,,
280,CryptoNight,PoW,1809467143.0,2000000000.0,,,,,
281,NIST5,PoW/PoS,4171382.0,10000000.0,,,,,
282,X11,PoW,35138975.0,100000000.0,,,,,
283,NIST5,PoW/PoS,62942075.0,120000000.0,,,,,
284,Skein,PoW/PoS,6804362.0,100000000.0,,,,,
285,Scrypt,PoW,18133195.0,19276800.0,,,,,
286,X13,PoW/PoS,21268092.0,30000000.0,,,,,
287,Scrypt,PoW,5167775.0,75000000.0,,,,,
288,X11,PoW,26042364.3735553,60000000.0,,,,,
289,X11,PoW,2622886.0,18900000.0,,,,,
290,Scrypt,PoW/PoS,9044930943.24243,50000000000.0,,,,,
291,CryptoNight,PoW,14161803.0,54000000.0,,,,,
292,X13,PoW/PoS,21917018.0492836,18898187.6216583,,,,,
293,Time Travel,PoW,17801865.1605478,21000000.0,,,,,
294,Scrypt,PoW,163055097500.0,200000000000.0,,,,,
295,Keccak,PoW,2241009149.22257,5000000000.0,,,,,
296,SkunkHash v2 Raptor,PoS,107972766.0,137500000.0,,,,,
297,X11,PoW,122475638.389743,1100000000.0,,,,,
298,Skein,PoW/PoS,47331802.4774238,100000000.0,,,,,
299,SHA-256,PoW,17995589.6469082,21000000.0,,,,,
300,X11,PoW/PoS,12569262.5359307,9507271.0,,,,,
301,Scrypt,PoS,18663297.3489799,17405891.19707116,,,,,
302,VeChainThor Authority,Proof of Authority,55454734800.0,86712634466.0,,,,,
303,Scrypt,PoW,485214.0,10500000000.0,,,,,
304,PoS,PoS,4000000.0,61599965.0,,,,,
305,Scrypt,PoW,143006669741.687,0.0,,,,,
306,Scrypt,PoW,9704042.0,20000000.0,,,,,
307,Scrypt,PoW,17453749.4042601,84000000.0,,,,,
308,Scrypt,PoW,32646731.063036,100000000.0,,,,,
309,Scrypt,PoW,33716526.0,100000000.0,,,,,
310,Scrypt,PoW/PoS,19539588.0,48252000.0,,,,,
311,Scrypt,PoW/PoS,4200000.0,4200000.0,,,,,
312,CryptoNight,PoW,8946653.0,88888888.0,,,,,
313,SHA-512,PoS,25000000.0,91388946.0,,,,,
314,Ouroboros,PoS,25927070538.0,45000000000.0,,,,,
315,X11,PoW/PoS,7262402.04264803,27000000.0,,,,,
316,Equihash,PoW,5211553258.01514,21000000000.0,,,,,
317,NeoScrypt,PoW/PoS,182638400.0,400000000.0,,,,,
318,X11,PoW,2702855668.85288,1800000000.0,,,,,
319,Scrypt,PoW/PoS,1140734.91680375,15733333.0,,,,,
320,NeoScrypt,PoW,4165967.57499639,27000000.0,,,,,
321,Lyra2REv2,PoS,24000000.0,24000000.0,,,,,
322,Equihash,PoW,17202361.088994,21000000.0,,,,,
323,Scrypt,PoW/PoS,48459472454.0,25000000000.0,,,,,
324,SHA-256,PoW/PoS,92050800.0,100000000.0,,,,,
325,NIST5,PoW/PoS,560563220.0,1200000000.0,,,,,
326,PHI1612,PoW/PoS,8305775.31777569,60000000.0,,,,,
327,Dagger,PoW,33986980.0,156306732.71,,,,,
328,Scrypt,PoW/PoS,2149688.0,21000000.0,,,,,
329,Quark,PoW/PoS,30711550.5294042,200000000.0,,,,,
330,Scrypt,PoW,99990001.493466,100000000.0,,,,,
331,POS 2.0,PoS,12330806.30517,21000000.0,,,,,
332,Scrypt,PoW/PoS,16362544.992,14788275.991,,,,,
333,SHA-256,PoS,8999999990.0,9000000000.0,,,,,
334,X11,PoW,175215859.0,350000000.0,,,,,
335,NeoScrypt,PoW,6375259.04,45000000.0,,,,,
336,Ethash,PoW,12756367.0,280000000.0,,,,,
337,NeoScrypt,PoW,5832306.875,31800000.0,,,,,
338,X11,PoW/PoS,38198594.8342105,144000000.0,,,,,
339,DPoS,DPoS,288090567.493887,500000000.0,,,,,
340,NIST5,PoW/PoS,28399150208.0,30000000000.0,,,,,
341,X13,PoW/PoS,183534024.889807,210000000.0,,,,,
342,Multiple,PoW,481730566.566176,660000000.0,,,,,
343,Scrypt,PoW/PoS,110976977.29338,210000000.0,,,,,
344,CryptoNight,PoW,19281821413.4924,85000000000.0,,,,,
345,CryptoNight,PoW,4500000.0,12500000.0,,,,,
346,Ethash,PoW,520891780.0,10000000000.0,,,,,
347,NIST5,PoS,13247178.8807286,27716121.0,,,,,
348,Quark,PoS,16955764.902064,20000000.0,,,,,
349,X11,PoW,80316207.0,550000000.0,,,,,
350,CryptoNight-V7,PoW,441250233.377,999481516.0,,,,,
351,Scrypt,PoW/PoS,4911500269.41,50000000000.0,,,,,
352,Scrypt,PoW/PoS,8419402.321,150000000.0,,,,,
353,Scrypt,PoW,3964201248.87125,4999999999.0,,,,,
354,X11,PoW/PoS,45174214.1078625,50000000.0,,,,,
355,BLAKE256,PoW,30089671530.5228,90000000000.0,,,,,
356,X11,PoW,4229040.50393462,19800000.0,,,,,
357,NeoScrypt,PoW,7847417.33355824,21000000.0,,,,,
358,Quark,PoS,27299680.0,120000000.0,,,,,
359,NeoScrypt,PoW,299797953.0,500000000.0,,,,,
360,Scrypt,PoW,45483049.3398182,64000000.0,,,,,
361,Scrypt,PoW/PoS,591022748.0,900000000.0,,,,,
362,Scrypt,PoW/PoS,2504486.227718,4000000.0,,,,,
363,X11,PoS,4407252.0,21000000.0,,,,,
364,X11,PoW,8478104.33969947,23000000.0,,,,,
365,SHA-256,PoW,20166000.0,20166000.0,,,,,
366,C11,PoW,11916588.09471,23000000.0,,,,,
367,POS 3.0,PoS,20445861.5344251,25000000.0,,,,,
368,Ethash,PoS,1618033.0,1618033.0,,,,,
369,Scrypt,PoW and PoS,9399342.52839847,30000000.0,,,,,
370,CryptoNight,PoW,53139835213.77,1000000000000.0,,,,,
371,SkunkHash,PoW,4818338.98949984,16600000.0,,,,,
372,Scrypt,PoW/PoS,234846265.782157,232000000.0,,,,,
373,CryptoNight,PoW,133932467.774108,336000000.0,,,,,
374,Scrypt,PoW,10000000000.0,10000000000.0,,,,,
375,Dagger,PoW,107325266.027783,100000000.0,,,,,
376,Lyra2REv2,PoW,643795911.540095,1100000000.0,,,,,
377,X13,PoS,230298925.0,800000000.0,,,,,
378,Proof-of-BibleHash,POBh,1772091549.88818,5200000000.0,,,,,
379,SHA-256 + Hive,PoW + Hive,638382332.208514,840000000.0,,,,,
380,Scrypt,PoW,12446100.00278,40000000.0,,,,,
381,Scrypt,PoW,14491014421.0,18406979840.0,,,,,
382,X11,PoW,211297638.500483,500000000.0,,,,,
383,C11,PoW/PoS,11251342.1879021,19340594.0,,,,,
384,Proof-of-Authority,PoA,204479039.0,252460800.0,,,,,
385,X11,PoW/PoS,2167827.1,25000000.0,,,,,
386,XEVAN,PoW/PoS,419275.38,60000000.0,,,,,
387,Scrypt,PoS,25570013.1348022,124000000.0,,,,,
388,VBFT,PoS,650848625.0,1000000000.0,,,,,
389,Ethash,PoW,247612453.0,6500000000.0,,,,,
390,CryptoNight,PoW,80049082.9057215,1000000000.0,,,,,
391,Scrypt,PoW,4070212.1493016,21000000.0,,,,,
392,IMesh,PoW,25000000.0,25000000.0,,,,,
393,NIST5,PoW/PoS,13787854.6277781,50000000.0,,,,,
394,Scrypt,PoW/PoS,845637.81347436,3000000.0,,,,,
395,Scrypt,PoW/PoS,1182153.5,5000000.0,,,,,
396,Equihash,PoW,71355477.0,70000000.0,,,,,
397,Scrypt,PoS,267297676.3125,500000000.0,,,,,
398,Lyra2Z,PoW,27340501.6514783,300000000.0,,,,,
399,Green Protocol,PoS,9803691.3618195,21000000.0,,,,,
400,PoS,PoS,21876586.8530324,88000000.0,,,,,
401,Scrypt,PoW/PoS,9880502.37178894,30000000.0,,,,,
402,Semux BFT consensus,DPoS,1231147.0,100000000.0,,,,,
403,X11,PoW,31801461.1867843,100000000.0,,,,,
404,Quark,PoW/PoS,139739596.506702,200000000.0,,,,,
405,PoS,PoS,11075254.0929996,80000000.0,,,,,
406,CryptoNight,PoW,16016864.0,18400000.0,,,,,
407,X16R,PoS,4403800.0,45000000.0,,,,,
408,Scrypt,PoW/PoS,1404157529.46026,5121951220.0,,,,,
409,NIST5,PoW,21069346.2522598,21000000.0,,,,,
410,Lyra2RE,PoW,5097689.71077377,26280000.0,,,,,
411,XEVAN,PoS/PoW,10904963.0923455,21000000.0,,,,,
412,Tribus,PoW,795447.0,18000000.0,,,,,
413,Scrypt,PoS,38706809.466535,26000000.0,,,,,
414,Lyra2Z,PoW,6986399.70430446,10500000.0,,,,,
415,CryptoNight,PoW,84300.0,600000518.0,,,,,
416,CryptoNight Heavy,PoW,19153632.0,150000000.0,,,,,
417,CryptoNight,PoW,41294520017.0,184000000000.0,,,,,
418,Scrypt,PoW/PoS,10200000000.0,10200000000.0,,,,,
419,Scrypt,PoS,7630000.0154,44000000.0,,,,,
420,Jump Consistent Hash,PoW,135862416.039898,168000000.0,,,,,
421,SHA-256D,PoW/PoS,33238183.7225834,100000000.0,,,,,
422,CryptoNight,PoW,560085952.404637,1000000000.0,,,,,
423,Scrypt,PoW/PoS,21599339.6728,84000000.0,,,,,
424,X15,PoS,30284196.369129,90000000.0,,,,,
425,Scrypt,HPoW,77872059787.8998,92000000000.0,,,,,
426,Quark,PoS,2716264.95302831,650000000.0,,,,,
427,SHA-256,PoS,57811001.000889,100262205.0,,,,,
428,DPoS,PoS,18194936.0,18081806.0,,,,,
429,X16R,PoW,8125865.02097646,22075700.0,,,,,
430,HMQ1725,PoW,8645406.16776286,21000000.0,,,,,
431,X11,PoW,4993030.69736615,21000000.0,,,,,
432,X16R,PoW/PoS,36923120.6205934,82546564.0,,,,,
433,Quark,PoS,7082392.24744494,21000000.0,,,,,
434,Quark,PoW/PoS,5919489.76813523,5151000.0,,,,,
435,Scrypt,PoS,1042012.45227735,16880000000.0,,,,,
436,Lyra2REv2,PoW/PoS,13332617.9413708,52500000.0,,,,,
437,Quark,PoS,66053877.6256106,100000000.0,,,,,
438,Scrypt,PoW,1416663.06600024,22105263.0,,,,,
439,Scrypt,PoW/PoS,5403802.49590733,1000000000.0,,,,,
440,CryptoNight-V7,PoW,15580199.3087496,1750000000.0,,,,,
441,Cryptonight-GPU,PoW,4890897.0,88188888.0,,,,,
442,XEVAN,PoW,14746153.0962884,210000000.0,,,,,
443,CryptoNight Heavy,PoW,99553110528.8022,184470000000.0,,,,,
444,X11,PoS,19269509.94,55000000.0,,,,,
445,X11,PoW/PoS,30771125.9760867,50000000.0,,,,,
446,Scrypt,PoS,107763867.917675,260000000.0,,,,,
447,PoS,PoS,9327131.59708692,210000000.0,,,,,
448,SHA-256,PoW,2100000000.0,2100000000.0,,,,,
449,Keccak,PoW/PoS,4672513.84432375,366000000.0,,,,,
450,X11,PoS,4504639.0,100000000.0,,,,,
451,X11,PoW,5015881.37315389,25000000.0,,,,,
452,Scrypt,PoW/PoS,1059954080.43439,18000000000.0,,,,,
453,SHA-512,Zero-Knowledge Proof,1000000000.0,1000000000.0,,,,,
454,X16R,PoW,9753753.61515394,100000000.0,,,,,
455,ECC 256K1,DPOS,1000000000.0,1000000000.0,,,,,
456,Equihash,PoW,4235111504.0,7600000000.0,,,,,
457,XEVAN,PoS,6787405.18013774,50000000.0,,,,,
458,Lyra2Z,PoW,13634850.0,84000000.0,,,,,
459,SHA-256,PoW,17992514.6469233,21000000.0,,,,,
460,XEVAN,Pos,208515864.367343,70000000000.0,,,,,
461,X11,PoS,17209923728.3266,0.0,,,,,
462,CryptoNight,PoW,1867054873.28397,8080000000.0,,,,,
463,Quark,PoW/PoS,35312185.7437239,54000000.0,,,,,
464,Blake,PoW,1578281.31341127,105120001.44,,,,,
465,Blake,PoW,15846721.2482747,25228800.0,,,,,
466,Equihash,PoS,13475920.0,105000000.0,,,,,
467,Exosis,PoW,406091.925,21000000.0,,,,,
468,Scrypt,PoW,35284717.173946,120000000.0,,,,,
469,Scrypt,PoW/PoS,14777549.3940764,21000000.0,,,,,
470,Equihash,PoW,35687520.0,262800000.0,,,,,
471,Quark,PoW/PoS,18265011.2486006,19035999.0,,,,,
472,Equihash,PoW,25150787.5,30886000.0,,,,,
473,Quark,PoS,1934701.67524713,13370000.0,,,,,
474,Scrypt,PoW/PoS,30825710000.0296,74800000000.0,,,,,
475,QuBit,PoW,12925790.4226959,100000000.0,,,,,
476,X11,PoS,715659.44237941,19700000.0,,,,,
477,Scrypt,PoW/PoS,20546528.2059957,84000000.0,,,,,
478,XEVAN,PoW/PoS,198938144.363399,500000000.0,,,,,
479,SHA-256D,PoW/PoS,896361168.0,5000000000.0,,,,,
480,X11,PoW/PoS,15420234.5389336,420000000.0,,,,,
481,SHA-256,PoW,52293836.6277958,64000000.0,,,,,
482,X13,PoW,1170292.5,2100000.0,,,,,
483,SHA-256,PoW,84613099.9999955,168000000.0,,,,,
484,X11,PoW/PoS,23775960.3207514,30000000.0,,,,,
485,DPoS,DPoS,1000000000.0,1000000000.0,,,,,
486,Scrypt,PoW/PoS,15318887081.0146,35000000000.0,,,,,
487,Scrypt,PoW,55565076.3863525,98100000000.0,,,,,
488,X11,PoW/PoS,242574105.22384,0.0,,,,,
489,NeoScrypt,PoW,3824685012.0,4000000000.0,,,,,
490,Scrypt,PoW/PoS,3537150.0,200000000.0,,,,,
491,Blake,PoW,23356790.1494191,7000000000.0,,,,,
492,Scrypt,PoW/PoS,20576532.0,54256119.0,,,,,
493,SHA-256,PoS,4392258.24647793,21000000.0,,,,,
494,Scrypt,PoW/PoS,9631199.99309942,0.0,,,,,
495,X11,PoW/PoS,436353624.490312,500000000.0,,,,,
496,Scrypt,PoW,780210700.0,1000000000.0,,,,,
497,Scrypt,PoW/PoS,980732528.97974,10500000000.0,,,,,
498,SHA-256,PoW/PoS,17939725045.334,190000000.0,,,,,
499,X11,PoW/PoS,494240666.028571,1000000000.0,,,,,
500,SHA-256,PoW,22986929.0854247,42000000.0,,,,,
501,Scrypt,PoW/PoS,60000000.0,15000000.0,,,,,
502,Scrypt,PoW,29583989322.9213,50000000000.0,,,,,
503,Scrypt,PoW/PoS,404316475.545465,400000000.0,,,,,
504,Groestl,PoW,73298203.8873662,105000000.0,,,,,
505,X11,PoW/PoS,201364327.427503,208000000.0,,,,,
506,Scrypt,PoW/PoS,103621876.167052,160000000.0,,,,,
507,PoS,PoS,3821245.74150193,9000000.0,,,,,
508,Scrypt,PoW,5052555.91981545,5000000.0,,,,,
509,Scrypt,PoW,69684455.4387001,182000000.0,,,,,
510,X11,Proof of Trust,16901016.6609755,16504333.0,,,,,
511,SHA-256,PoW/PoS,74676064.9488608,105000000.0,,,,,
512,DPoS,DPoS,120012140.0,159918400.0,,,,,
513,Scrypt,PoS,10000244677.7002,10008835635.0,,,,,
514,Scrypt,PoW/PoS,252005564.19257,300000000.0,,,,,
515,NeoScrypt,PoW/PoS,1120385.00502,60168145.0,,,,,
516,Multiple,PoW,3332922.5,2800000.0,,,,,
517,X13,PoW/PoS,140777.753365,120000.0,,,,,
518,Equihash+Scrypt,PoW,100000000.0,2100000000.0,,,,,
519,DPoS,DPoS,1020544523.0722,0.0,,,,,
520,Ethash,PoW,24487944.0958204,24487944.0,,,,,
521,DPoS,DPoS,1122382283.37,0.0,,,,,
522,SHA-256,PoS,1000000000.0,1000000000.0,,,,,
523,Leased POS,LPoS,100000000.0,100000000.0,,,,,
524,PoS,PoS,9283137.5558676,8634140.0,,,,,
525,TRC10,DPoS,989988713439.649,990000000000.0,,,,,
526,PoS,PoS/LPoS,1000000000.0,1000000000.0,,,,,
527,SHA-256,DPoS,1999999995.3056,2000000000.0,,,,,
528,Scrypt,PoW/PoS,14931046.1546605,250000000.0,,,,,
529,CryptoNight,PoW,980222595.0,1400222610.0,,,,,
530,Equihash,PoW,7296537.5,21000000.0,,,,,
531,Scrypt,PoS,128326.99633965,1000000.0,,,,,
1337,,,,,2.308669200069784,1.6135559943813378,-0.6210976521478911,0.0,EliteCoin
1CR,,,,,0.4909683286964468,-1.1018695358425903,-0.04590535884873772,1.0,1Credit
404,,,,,-0.3148044245892159,1.072572327706372,-0.5762237447593409,0.0,404Coin
42,,,,,-0.33148919848385255,1.0723933080776766,-0.575789158865254,0.0,42 Coin
8BIT,,,,,-0.3314712436024581,1.072393903755798,-0.5757897106102592,0.0,8BIT Coin
AAC,,,,,-0.5265067977940876,1.9072899909194077,2.3129719434368514,0.0,Acute Angle Cloud
ABJ,,,,,-0.3311553457178389,1.0723832655337828,-0.57579501242905,0.0,Abjcoin
ABS,,,,,-0.366349488660316,0.8511098307475642,-0.4085517130414958,0.0,Absolute Coin
ABY,,,,,-0.14540183340828647,-1.0589228581784802,-0.03971346783486036,1.0,ArtByte
AC3,,,,,-0.23315092457946288,-1.0241302668578918,0.16768899700871032,1.0,AC3
ACC,,,,,-0.16108700782932384,-1.0588096682081174,-0.03936363919372303,1.0,AdCoin
ACM,,,,,-0.15202068684756703,-2.2401424675441324,0.4651397196199439,1.0,Actinium
ACP,,,,,-0.1472180765167256,-1.3292037612321288,0.1941206970615492,1.0,Anarchists Prime
ADA,,,,,0.6789997912019832,1.5762983408448974,0.108511964822484,0.0,Cardano
ADC,,,,,-0.24494632632552413,1.0678730270699361,-0.5769066378392032,0.0,AudioCoin
ADK,,,,,-0.15280641139331685,-2.2091394463782743,0.29327839621533214,1.0,Aidos Kuneen
ADZ,,,,,-0.23689000392385642,-1.0239262760963836,0.16773546430412,1.0,Adzcoin
ALPS,,,,,-0.15031951491469278,-2.240238081584592,0.46511916334508063,1.0,Alpenschillling
ALX,,,,,3.700630069850364,1.8087097379802717,-0.504593818148689,0.0,ALAX
ARC,,,,,-0.23729364750313856,-1.023922772425719,0.16774434356942824,1.0,ArcticCoin
ARCO,,,,,-0.33116105092038534,1.0723746290440235,-0.5757930749268025,0.0,AquariusCoin
ARE,,,,,-0.3530378202838297,0.955617768250425,-0.08254334929631285,0.0,ARENON
ARG,,,,,-0.16159264189360256,-1.0588011008243443,-0.03935338803018066,1.0,Argentum
ARGUS,,,,,-0.3312721034886512,1.0723803776339902,-0.5757916301465252,0.0,ArgusCoin
ARK,,,,,3.6835087987928734,1.8087576874378455,-0.5041961882104333,0.0,ARK
ASAFE2,,,,,-0.3429065329347847,1.513205242436302,-0.17453285384211367,0.0,Allsafe
ATMOS,,,,,-0.32818793450683825,1.6468642758745207,-0.1395706804234129,0.0,Atmos
ATX,,,,,-0.2244086264440553,-1.0238050466179036,0.16741301088846677,1.0,ArtexCoin
AUR,,,,,-0.33114830732125794,1.0723928130888483,-0.5757971717312668,0.0,Aurora Coin
AWR,,,,,-0.40416060022733785,1.1070736743523757,-0.3687222606166037,0.0,Award
AXE,,,,,-0.23782802274501558,-1.0239130467178135,0.16775503737936512,1.0,Axe
AZART,,,,,-0.2377993448026527,-1.023914911074853,0.16775474352497372,1.0,Azart
BBP,,,,,-0.1708033572846997,3.4618434426078597,11.20291143156785,3.0,BiblePay
BCCOIN,,,,,-0.33115486296634905,1.0723846894191276,-0.575795320961281,0.0,BitConnect Coin
BCD,,,,,-0.27616827806031713,1.7488045837364534,-0.5877707927405453,0.0,Bitcoin Diamond
BCF,,,,,-0.3310072728136056,1.072386066008895,-0.5757991220418989,0.0,BitcoinFast
BCH,,,,,-0.14741092289378668,-1.329187097947234,0.19412181230526904,1.0,Bitcoin Cash
BCN,,,,,3.8640960691525943,-2.35508644162134,0.30910496982031616,1.0,ByteCoin
BDX,,,,,0.3247434364706232,-2.3436361125808673,0.3909831763155272,1.0,Beldex
BEAM,,,,,-0.1290352195451204,-2.0116016640187544,0.47646922191765073,1.0,Beam
BEET,,,,,-0.32055886729940963,1.5760241464949014,-0.5166477300588275,0.0,Beetle Coin
BENJI,,,,,-0.16169611398310788,-1.0587844856942965,-0.03935439061353177,1.0,BenjiRolls
BIC,,,,,0.3031035709330152,-2.3433859420790975,0.3914462018619279,1.0,Bikercoins
BITG,,,,,-0.30115928077900833,1.5464544215065639,-0.11317434958603291,0.0,Bitcoin Green
BITM,,,,,0.5051556259529575,1.6154281919557363,-0.48837641477941623,0.0,BitMoney
BITS,,,,,-0.33085229530133553,1.072376244419742,-0.5758007629378827,0.0,BitstarCoin
BLAST,,,,,-0.14668607894012423,-1.329193320645142,0.19410585294279417,1.0,BLAST
BLC,,,,,-0.08769428838334056,-2.2585840801066124,0.3594774653230318,1.0,BlakeCoin
BLHC,,,,,-0.3311840498996206,1.072393021346338,-0.5757963641969652,0.0,BlackholeCoin
BLRY,,,,,-0.33108093678454853,1.0723772868098118,-0.5757955367687364,0.0,BillaryCoin
BLTG,,,,,-0.16091274599237346,-1.0588179658185282,-0.03936605714086033,1.0,Block-Logic
BLU,,,,,-0.32371623431184005,1.0726511741883316,-0.5760280157091987,0.0,BlueCoin
BOLI,,,,,-0.23769367607525013,-1.0239114055420826,0.16775149641132173,1.0,BolivarCoin
BRIA,,,,,-0.33145755602983706,1.0723922460322044,-0.5757896906716732,0.0,Briacoin
BRIT,,,,,-0.2794311611151302,1.748823046749934,-0.5876969598008648,0.0,BritCoin
BSC,,,,,-0.23769504316929557,-1.0239086351546958,0.1677509510256599,1.0,BowsCoin
BSD,,,,,-0.4060458921499086,1.1072089360408333,-0.36870559165925376,0.0,BitSend
BSV,,,,,-0.14741096050941185,-1.329187099195123,0.19412181346116644,1.0,Bitcoin SV
BSX,,,,,-0.3559975387029796,1.4548454149812768,-0.591659146083724,0.0,Bitspace
BTA,,,,,-0.1620990221373969,-1.0587763676877064,-0.03934649146038422,1.0,Bata
BTB,,,,,-0.33148512863078705,1.0723930911560182,-0.575789210510266,0.0,BitBar
BTC,,,,,-0.1474117597912576,-1.3291871257110917,0.19412183802244348,1.0,Bitcoin
BTCD,,,,,-0.31690106469003243,0.8019750379091363,-0.34231690215616284,0.0,BitcoinDark
BTCR,,,,,-0.2757474979768706,0.9208336971938021,-0.2896985833807504,0.0,BitCurrency
BTCZ,,,,,0.08150562573423063,-2.019214668638925,0.473044707459645,1.0,BitcoinZ
BTDX,,,,,-0.3950131295885648,1.6647552189897454,-0.46070796606928327,0.0,Bitcloud 2.0
BTG,,,,,-0.13097802765511882,-2.0114959046706886,0.47649341477482354,1.0,Bitcoin Gold
BTH,,,,,-0.1308106100651622,-2.011497309737679,0.4764897219166744,1.0,Bithereum
BTL,,,,,-0.12996770695172816,-2.011496880361642,0.47646956403810775,1.0,Bitrolium
BTPL,,,,,-0.41075511439388335,1.820594745722535,-0.83881404833974,0.0,Bitcoin Planet
BTS,,,,,-0.31171525579256626,1.5520086947058493,-0.044673878492754795,0.0,Bitshares
BTT,,,,,34.08249717947744,1.677007797253252,-1.3869767676138898,2.0,BitTorrent
BTX,,,,,-0.1888416945073423,-2.3029202047604826,0.3290942573646667,1.0,Bitcore
BTXC,,,,,-0.27243716772188886,1.424528514809094,-0.23038908014212692,0.0,Bettex coin
BURST,,,,,-0.1925711855423497,0.6536582889648729,-0.8177623747656046,0.0,BurstCoin
BUZZ,,,,,0.03826467878714409,1.8321565494121674,-0.671464101758216,0.0,BuzzCoin
BVC,,,,,-0.16213436391823022,-1.0587763856886125,-0.039345646268428125,1.0,BeaverCoin
BWK,,,,,-0.3024953110444091,1.303227196538319,-0.3055030257839719,0.0,Bulwark
BWS,,,,,-0.2619869659974322,0.650332880006329,-0.05618940242423777,0.0,BitcoinWSpectrum
BXT,,,,,-0.3169166468683972,0.801975224909484,-0.3423165701773903,0.0,BitTokens
CARE,,,,,-0.3936794196295094,1.6647994644735586,-0.46074894988656057,0.0,Carebit
CAT,,,,,-0.1619589152577798,-1.0587829826396356,-0.03934844724893547,1.0,Catcoin
CBX,,,,,-0.33146938846485585,1.0723932613644145,-0.5757896207682857,0.0,CryptoBullion
CCN,,,,,-0.16204549662217524,-1.0587803220242187,-0.039346940906204955,1.0,CannaCoin
CDN,,,,,-0.16026500944474134,-1.058782398623773,-0.039388898532432305,1.0,Canada eCoin
CESC,,,,,-0.14555262068827876,-1.0589278605075931,-0.03970883426495332,1.0,Crypto Escudo
CFC,,,,,-0.3282272488826507,1.6469124513209716,-0.139579794348848,0.0,CoffeeCoin
CHAN,,,,,-0.14123131978340828,-2.1865238032981664,0.15745221933648032,1.0,ChanCoin
CHAT,,,,,-0.3121568715326302,1.0723307179716828,-0.5762363766461334,0.0,OpenChat
CIF,,,,,-0.2319036451261189,-1.0240536919290724,0.16764332668844184,1.0,Crypto Improvement Fund
CKC,,,,,-0.31314189845273516,0.8017456679266147,-0.3423585532984394,0.0,Clockcoin
CLO,,,,,-0.10603908935235454,-2.046200949567721,0.41368663566023434,1.0,Callisto Network
CLUB,,,,,-0.3290856848637538,1.0723604144363628,-0.575839521067285,0.0, ClubCoin
CNBC,,,,,-0.3286407317395828,1.0723399788867305,-0.5758458516714131,0.0,Cash & Back Coin
COAL,,,,,0.3029554104665292,-2.343382058075666,0.3914489191015499,1.0,BitCoal
CON,,,,,-0.2792674619183776,1.7488143987266596,-0.5876990531666993,0.0,Paycon
COVAL,,,,,-0.11087173920983516,-1.851266853694707,0.365140595940162,1.0,Circuits of Value
CPC,,,,,-0.40339111358749324,1.1072484361132116,-0.36877703826557856,0.0,CapriCoin
CRB,,,,,-0.4368431325631224,0.32582485072293876,0.2844529875620899,0.0,Creditbit 
CREDIT,,,,,0.576643579100563,1.049866033634845,-0.5927110441501973,0.0,Credit
CRM,,,,,-0.4102593534133461,1.8206111924651647,-0.8388292826695893,0.0,Cream
CRW,,,,,-0.14720077353178465,-1.329194908933354,0.19411843841264653,1.0,Crown Coin
CRYP,,,,,-0.025573611232865848,-2.013334264431439,0.47436739051290344,1.0,CrypticCoin
CRYPT,,,,,-0.23784927317064486,-1.0239116398899177,0.16775524984107257,1.0,CryptCoin
CSC,,,,,0.6003660049243589,0.48269572793370863,-0.5959991121700533,0.0,CasinoCoin
CSPN,,,,,-0.34302309962604266,1.513202522780596,-0.17452951120654,0.0,Crypto Sports
CTC,,,,,-0.3303222032939878,1.0723686687130731,-0.5758118032848082,0.0,CarterCoin
CTL,,,,,-0.14613858062161503,-2.2007316026829513,0.40031325653256633,1.0,Citadel
CTO,,,,,-0.14664792411663724,-2.1773813688505474,0.372399129372338,1.0,Crypto
CXT,,,,,-0.18676190490079805,-0.6763246375686868,-0.055212720642520245,1.0,Coinonat
CYP,,,,,-0.19741182099696855,-1.622507021368635,0.18313963096166533,1.0,CypherPunkCoin
DAS,,,,,-0.23787192523875286,-1.0239130249080184,0.16775607808456927,1.0,DAS
DASH,,,,,-0.4070643967947806,1.1072575078180775,-0.3686914751575626,0.0,Dash
DASHP,,,,,-0.35351540043441904,0.9556267735609811,-0.08253385741243058,0.0,Dash Platinum
DAXX,,,,,-0.07784752454424017,-2.047729474509677,0.4133343028355018,1.0,DaxxCoin
DBIC,,,,,-0.31693573461878993,0.8019819829967831,-0.34231752553919703,0.0,DubaiCoin
DBIX,,,,,-0.17058331383787714,-2.209431288503087,0.054419467642567346,1.0,DubaiCoin
DCR,,,,,-0.08690351026024591,0.8456484886378606,-0.6226909935995387,0.0,Decred
DCY,,,,,0.33914553789490587,-2.3435805309354825,0.39062868811831086,1.0,Dinastycoin
DEA,,,,,-0.3304824650083359,1.0723527930456238,-0.5758046758407318,0.0,Degas Coin
DEAL,,,,,-0.2779487024136346,1.0705639790345942,-0.5766822619923853,0.0,iDealCash
DEV,,,,,-0.32943806863595054,1.646838493731683,-0.13953553808806465,0.0,Deviant Coin
DFT,,,,,-0.2774702730861014,0.9207642919563372,-0.2896430878744453,0.0,Draftcoin
DGB,,,,,0.15699682500750867,-1.8563182980581012,0.35981682079196475,1.0,DigiByte
DGC,,,,,-0.16144526831243897,-1.0587850656355204,-0.0393602419043843,1.0,Digitalcoin 
DIEM,,,,,0.2716969455543925,-1.3304920173581278,0.18441568018159715,1.0,CarpeDiemCoin
DIGS,,,,,-0.2758889182054168,0.9207586121047346,-0.2896795527690603,0.0,Diggits
DKD,,,,,-0.19507796060802,1.64563884828367,-0.2831365952052446,0.0,Dekado
DLC,,,,,-0.14759322203523922,-1.3291858517085426,0.19412589260505078,1.0,DollarCoin
DMD,,,,,-0.36999128642550305,0.8036969693265915,-0.3871145862203224,0.0,Diamond
DNR,,,,,-0.3563991585189491,1.4548602487512823,-0.5916526785883881,0.0,Denarius
DOPE,,,,,-0.15934707047359548,-1.0588223397446903,-0.03940242116335447,1.0,DopeCoin
DP,,,,,-0.2368983870153795,-1.0239378171647968,0.16773807149105183,1.0,DigitalPrice
DRZ,,,,,-0.4207811912011521,1.8763109291017381,-0.5835514094383029,0.0,Droidz
DTEM,,,,,-0.3429059593705109,1.5132010378535796,-0.17453199037425762,0.0,Dystem
DVC,,,,,0.23096694731216727,-1.3314023640709427,0.18557531125826282,1.0,DevCoin
DYN,,,,,-0.162245172252265,-2.2691376038652025,0.21574980878929112,1.0,Dynamic
EAC,,,,,0.08703463645100515,-1.0600110269399352,-0.04502044017900138,1.0,EarthCoin
EB3,,,,,-0.13301384102519545,-1.0606236950111891,-0.03965359421005472,1.0,EB3coin
EBST,,,,,-0.16026321621090717,-1.0587823391337032,-0.039388953637042784,1.0,eBoost
ECA,,,,,0.2038658978244854,1.4523358839650464,-0.6044651693837151,0.0,Electra
EDRC,,,,,-0.3168719406564265,0.801976004091438,-0.34231779711391874,0.0,EDRCoin
EFL,,,,,-0.16179144288325664,-1.0587774267868162,-0.03935359353816414,1.0,E-Gulden
EGC,,,,,-0.24940221054987968,1.7972903248273255,-0.5692800823581601,0.0,EverGreenCoin
ELE,,,,,-0.15470887658442475,-2.0432584260860747,0.41423154927175265,1.0,Elementrem
ELLA,,,,,-0.15307155639577144,-2.0433827632391592,0.4142185051814296,1.0,Ellaism
ELM,,,,,-0.19219561890825512,-1.0236515040265104,0.1666140349749638,1.0,Elements
ELP,,,,,-0.32611111956721994,1.5761496833999855,-0.5165417273712688,0.0,Ellerium
EMAR,,,,,-0.3306286137985003,1.0723627272342031,-0.5758032686333872,0.0,EmaratCoin
EMB,,,,,0.8538996725574499,1.7858437779960308,-0.6224028742376353,0.0,EmberCoin
EMC,,,,,-0.30944667961134453,0.8015338866883825,-0.3424023511569042,0.0,Emercoin
EMC2,,,,,-0.15739051948757238,-1.0588276790838638,-0.039447889970152535,1.0,Einsteinium
EMD,,,,,-0.16173064054792785,-1.0587831529710696,-0.03935384660704938,1.0,Emerald
ENRG,,,,,-0.3299838060551644,1.0724432491126914,-0.5758354183507132,0.0,EnergyCoin
ENT,,,,,-0.40683084287077426,1.107238506375655,-0.3686930718230385,0.0,Eternity
EOS,,,,,3.6937817812339984,1.8091864828668827,-0.504530224671395,0.0,EOS
EQT,,,,,-0.16151789218121115,-1.058804252502678,-0.0393545102370754,1.0,EquiTrader
ERC,,,,,-0.4044775081871602,1.1070885026759754,-0.36871780885204475,0.0,EuropeCoin
ESP,,,,,0.5918463513400748,1.8360200778002467,-0.5470176096673163,0.0,Espers
ETC,,,,,-0.15233787587220146,-2.043309148120441,0.4141856803598945,1.0,Ethereum Classic
ETH,,,,,-0.15389821931350878,-2.0432130857416713,0.41420279018329464,1.0,Ethereum
ETHD,,,,,-0.3314080035192018,1.0723930452018477,-0.5757910371612327,0.0,Ethereum Dark
EUC,,,,,-0.3167791419168576,0.8019804905358716,-0.34232094244103295,0.0,Eurocoin
EUNO,,,,,-0.4065996705275897,1.107253214809448,-0.3687016440486174,0.0,EUNO
EXCL,,,,,-0.33026096577595304,1.6468731406196926,-0.1395231738289214,0.0,Exclusive Coin
EXO,,,,,-0.138399137313208,-2.325983055597837,0.31548908450438595,1.0,Exosis
EXP,,,,,-0.15496707609264745,-2.0432604457957435,0.4142381179634872,1.0,Expanse
FAIR,,,,,-0.369412100141177,0.803719266917867,-0.38713302733949323,0.0,FairCoin
FIND,,,,,-0.2259564684266751,1.5971991219371096,-0.3015389935198323,0.0,FindCoin
FLDC,,,,,-0.12715308198449848,-2.297509596363366,0.5074114293246615,1.0,Folding Coin
FLIP,,,,,-0.1617600928125116,-1.0587897615231066,-0.03935176677233432,1.0,BitFlip
FLO,,,,,-0.1591977050570853,-1.058789227181744,-0.039412884994006345,1.0,Flo
FLT,,,,,-0.28599833095825533,0.5249209384108223,-0.3445234107019659,0.0,FlutterCoin
FRAZ,,,,,-0.16193562773215744,-1.0587815061468864,-0.03934930970440595,1.0,FrazCoin
FRE,,,,,-0.32936382764960365,1.64686770619085,-0.13954339970868862,0.0,FreeCoin
FRED,,,,,0.38301558555425363,-2.346405078797993,0.39017343832372986,1.0,FREDEnergy
FRK,,,,,-0.16210257812771425,-1.0587808752643824,-0.039345466465825735,1.0,Franko
FRN,,,,,-0.16197395572208093,-1.0587827776680638,-0.039348131916593095,1.0,Francs
FRST,,,,,-0.2804206644959246,0.48136973714143866,-0.6032292821050521,0.0,FirstCoin
FRWC,,,,,-0.32955596651948943,1.0723870490694418,-0.5758338806264397,0.0,Frankywillcoin
FSC,,,,,-0.34948367334881625,0.44920776626751785,-0.22643693494773623,0.0,FriendshipCoin
FTC,,,,,-0.17569361777162712,-1.682006592716551,0.3099102991123653,1.0,FeatherCoin
FTO,,,,,-0.23693921389961173,-1.0239391715861488,0.16773932606784503,1.0,FuturoCoin
GAKH,,,,,-0.3314250973760655,1.07239310054471,-0.5757906417263349,0.0,GAKHcoin
GALI,,,,,-0.39645015742593387,1.6648349328731542,-0.4606903817309666,0.0,Galilel
GAME,,,,,-0.1607456742209835,-1.0587870815922051,-0.03937647767798518,1.0,Gamecredits
GAP,,,,,-0.3295316509115216,1.0722822654692583,-0.5758126004997748,0.0,Gapcoin
GB,,,,,-0.4067856966510726,1.107247043440794,-0.3686959276178434,0.0,GoldBlocks
GBX,,,,,-0.18033456369133266,-1.6819464178443322,0.3100082401724229,1.0,GoByte
GCN,,,,,3.252332442545976,-1.0862869839858258,-0.11490014746737325,1.0,gCn Coin
GDC,,,,,-0.14129529422416254,-1.0590827066689377,-0.03977789239625495,1.0,GrandCoin
GEN,,,,,-0.33064874181407117,1.0724106310140136,-0.575812782685613,0.0,Genstake
GER,,,,,0.08357203082525208,1.0509661025747887,-0.581201209494603,0.0,GermanCoin
GIC,,,,,-0.39669975477449587,1.6648364266835938,-0.4606847508043335,0.0,Giant
GIN,,,,,-0.15262383640351074,-2.2401107376455864,0.4651474605235083,1.0,GINcoin
GLC,,,,,-0.16089599814957076,-1.0587822134584286,-0.03937391423019509,1.0,GlobalCoin
GLD,,,,,-0.16117381208146753,-1.0587930106909895,-0.0393650474566362,1.0,GoldCoin
GLT,,,,,-0.14555236749660408,-1.3292289193103342,0.19408628719544696,1.0,GlobalToken
GNJ,,,,,-0.42576926730168524,1.8307946969760054,-0.8941672580674905,0.0,GanjaCoin V2
GPU,,,,,-0.27575762034156986,0.9206777546815247,-0.28966581100700595,0.0,GPU Coin
GRE,,,,,-0.034803262678478476,-1.06158919497966,-0.041790432018305804,1.0,GreenCoin
GRS,,,,,-0.19912783785601476,-1.3274911413161934,0.1492968504248214,1.0,Groestlcoin
GRW,,,,,-0.2600126321954003,0.9199478271173352,-0.2898884052769712,0.0,GrowthCoin
GUN,,,,,-0.1734145285379226,-1.6820464298747266,0.3098643477715774,1.0,GunCoin
HALLO,,,,,-0.3934439208356555,1.1066689475241698,-0.36889297867469384,0.0,Halloween Coin
HBN,,,,,-0.3295452690720872,1.0723733252526053,-0.5758312723735338,0.0,HoboNickels
HERB,,,,,-0.3959933934864225,1.6648254735116537,-0.4606992832907537,0.0,HerbCoin
HEX,,,,,-0.16202205841482553,-1.0587858554309957,-0.039346344604727856,1.0,HexCoin
HODL,,,,,-0.15403940482104164,-2.2739846050053742,0.551159864424835,1.0,HOdlcoin
HPC,,,,,-0.4063578406190328,1.1072260406995411,-0.36870173284229985,0.0,HappyCoin
HTC,,,,,-0.08432165609474923,1.0992904247856137,-0.3747134899418351,0.0,Hitcoin
HTML5,,,,,0.8865804930912009,1.771640611515526,-0.5909753692106047,0.0,HTML5 Coin
HWC,,,,,-0.2771640715709214,0.9207684004178136,-0.2896512351619359,0.0,HollyWoodCoin
HXX,,,,,-0.14718916538173069,-2.177360052483788,0.3724075687096156,1.0,HexxCoin
HYP,,,,,-0.333131144649088,0.9563168835091748,-0.08316314185896104,0.0,HyperStake
HYPER,,,,,-0.3313713834876513,1.0723972165893443,-0.5757927792299922,0.0,HyperCoin
I0C,,,,,-0.14737420163694978,-1.3291858797290121,0.19412068389105103,1.0,I0coin
IBANK,,,,,-0.33111908091276576,1.0723743788732123,-0.5757940219836081,0.0,iBankCoin
IC,,,,,-0.331439240318252,1.072391445781022,-0.5757899598008522,0.0,Ignition
IFC,,,,,1.5892606165160557,-1.0644484634054887,-0.07986057181754957,1.0,Infinite Coin
ILC,,,,,-0.11391149839152219,-1.3298208182815032,0.19345644062738832,1.0,ILCoin
IMPCH,,,,,-0.3313297114465821,1.0723831594057136,-0.5757908388933393,0.0,Impeach
IMS,,,,,-0.3312729249487549,1.0723855509695666,-0.5757926898051606,0.0,Independent Money System
IMX,,,,,-0.40519679799893854,1.107257518637983,-0.368735942244974,0.0,Impact
INFX,,,,,-0.14703417557145587,-2.1773663708008635,0.372405196698587,1.0,Infinex
INN,,,,,-0.18023420713354116,-1.6819523804846686,0.3100070947020404,1.0,Innova
INSANE,,,,,-0.40689369472775083,1.107257539334356,-0.3686955459019156,0.0,InsaneCoin
INSN,,,,,-0.4068272325379008,1.107259744200358,-0.36869758823070364,0.0,Insane Coin
IOC,,,,,-0.40695895537006194,1.1072610058101409,-0.36869471528639086,0.0,IOCoin
IOP,,,,,-0.3168930297668569,0.8019760084007347,-0.3423172959116231,0.0,Internet of People
IRL,,,,,-0.161185570442108,-1.0587875963339601,-0.039365897003269944,1.0,IrishCoin
ISL,,,,,-0.40731254869051486,1.1072647620150402,-0.36868708032696823,0.0,IslaCoin
ITZ,,,,,-0.21597683362273368,-1.2831768130485648,-0.10913610785187061,1.0,Interzone
IXC,,,,,-0.1473730777905217,-1.3291858424456964,0.1941206493561686,1.0,IXcoin
J,,,,,-0.13156333817961421,-1.851110541057018,0.3656006244428505,1.0,JoinCoin
JMC,,,,,-0.14313977569589287,0.962619798159109,-0.08900142138634015,0.0,Junson Ming Chan Coin
JUMP,,,,,-0.18682148212907257,-0.6763074303886638,-0.055214891807459705,1.0,Jumpcoin
KCASH,,,,,-0.45374752569083415,1.5884020999262607,0.0932582727053682,0.0,Kcash
KEC,,,,,-0.15334971500706096,-2.224651249421791,0.486495287543187,1.0,KEYCO
KED,,,,,-0.32764623547735755,1.0721688298662024,-0.5758338255664575,0.0,Klingon Empire Darsek
KEK,,,,,-0.3193185670843757,1.581035609486066,-0.048554789957393846,0.0,KekCoin
KETAN,,,,,-0.3287254309553515,1.6467762552213336,-0.13953952130368205,0.0,Ketan
KGC,,,,,-0.15845932683003913,-1.0588389410753836,-0.039420093831808736,1.0,KrugerCoin
KLC,,,,,-0.08879902694040191,-1.0633804905289055,-0.04013118630207951,1.0,KiloCoin
KLKS,,,,,-0.34279228073519585,1.5132055130480733,-0.17453563047467102,0.0,Kalkulus
KMD,,,,,-0.17991713070519855,-1.2637996976803525,0.8363446358666962,1.0,Komodo
KOBO,,,,,-0.24695711528475073,1.7971435750339224,-0.5693076828758128,0.0,KoboCoin
KORE,,,,,-0.27979438042714067,1.7488236678746674,-0.5876884416472421,0.0,Kore
KRB,,,,,0.3029783038577439,-2.3433795387555834,0.3914478484842532,1.0,Karbo
KREDS,,,,,-0.18190749750177418,-1.2802943573103682,0.1275815143108352,1.0,KREDS
KRONE,,,,,-0.16138645304116733,-1.0588083392642527,-0.03935678706841677,1.0,Kronecoin
KURT,,,,,-0.23566882426249763,-1.0239871304298012,0.1677190846833561,1.0,Kurrent
KUSH,,,,,-0.4071954295472931,1.1072620628035261,-0.36868930567852837,0.0,KushCoin
LANA,,,,,-0.2766896398943334,1.8305029862168158,-0.6636205422514803,0.0,LanaCoin
LC,,,,,-0.3409626777587896,0.9555945890614697,-0.08282600556020475,0.0,Lutetium Coin
LCC,,,,,-0.4234613518768694,2.763225107933961,20.210761044806482,3.0,LitecoinCash
LCP,,,,,-0.33143016419148,1.0723924508142808,-0.5757903855516477,0.0,Litecoin Plus
LDOGE,,,,,0.10438865649886762,1.0622157151815705,-0.5840436199354432,0.0,LiteDoge
LINDA,,,,,0.13413514608005297,1.0526435208787974,-0.5827549727116325,0.0,Linda
LINX,,,,,-0.16107392132347298,-1.0588092340666622,-0.039364041331354904,1.0,Linx
LIR,,,,,-0.32310842660142064,1.5785082982171477,-0.057512179702573545,0.0,Let it Ride
LIT,,,,,-0.13730427112002472,-2.2553200922600647,0.3599777025230949,1.0,Lithium
LKY,,,,,-0.16181792107475207,-1.0587776012588936,-0.039352926733810766,1.0,LuckyCoin
LMC,,,,,-0.324383478843868,1.0719251034284245,-0.5758606629937298,0.0,LomoCoin
LOKI,,,,,0.5783706636536772,-2.2306999298925105,0.38279266146226104,1.0,Loki
LOT,,,,,0.14575051783487303,-1.0615173380412395,-0.0461041469588505,1.0,LottoCoin
LSK,,,,,3.683901174759945,1.8087461241221152,-0.5042031178768919,0.0,Lisk
LTB,,,,,-0.16217323307493764,-1.0587762602533182,-0.03934474701716294,1.0,Litebar 
LTC,,,,,-0.1608288182908404,-1.0587898398752726,-0.03937392272866217,1.0,Litecoin
LTCR,,,,,-0.3658530919656508,0.5086351195779637,-0.3533198844347379,0.0,LiteCreed
LTCU,,,,,-0.3303212664602065,1.0723264636866099,-0.5758030211427725,0.0,LiteCoin Ultra
LTHN,,,,,-0.13509257678610112,-2.200938496478516,0.40009342752304083,1.0,Lethean
LUX,,,,,-0.38360375080511716,1.8217763287245565,-0.5765668593552307,0.0,LUXCoin
LYNX,,,,,2.2565754292645672,0.5297195433537533,-0.3956516015518055,0.0,Lynx
MAG,,,,,-0.4058414495689883,1.107212198695238,-0.36871113976853565,0.0,Magnet
MARS,,,,,-0.23740974823964986,-1.0239076177901436,0.16774394633161882,1.0,MarsCoin 
MAX,,,,,-0.42670664004413045,1.883738202370487,-0.5763600619009045,0.0,MaxCoin
MAY,,,,,-0.3152370298634176,0.8019753348978258,-0.3423565823774905,0.0,Theresa May Coin
MBC,,,,,-0.26391823329668973,0.4762938795921816,-0.48341967015719217,0.0,My Big Coin
MCRN,,,,,-0.3225801253268304,1.6468463764821657,-0.13970046024548444,0.0,MacronCoin
MCT,,,,,-0.27081003461277287,-0.06371593997053392,0.16395194986852205,0.0,1717 Masonic Commemorative Token
MEC,,,,,-0.16143144043298224,-1.0587802664353927,-0.03936157229374553,1.0,MegaCoin
MED,,,,,-0.1653514223818741,-2.2305136051526326,0.42841953810620464,1.0,MediterraneanCoin
MEDIC,,,,,-0.27100257032389746,0.9206391413972166,-0.2897709667123804,0.0,MedicCoin
MGD,,,,,-0.14088827818893113,-2.189147959854912,0.4155972837160487,1.0,MassGrid
MI,,,,,-0.3237034659379471,1.0723700237379628,-0.5759696685364154,0.0,XiaoMiCoin
MINC,,,,,-0.16205432940282002,-1.0587784046932402,-0.03934713058741859,1.0,MinCoin
MINT,,,,,-0.017339445091925264,0.9294063176826343,-0.29763925170258193,0.0,MintCoin
MMO,,,,,-0.2746580083001292,0.9206868176081339,-0.2896938818108907,0.0,MMOCoin
MND,,,,,-0.23773049400201443,-1.0239062915514525,0.1677513061566018,1.0,MindCoin
MONA,,,,,-0.1606158096826316,-1.0587976404788484,-0.03937736686171684,1.0,MonaCoin
MONEY,,,,,-0.32673625902472836,1.0720929633564469,-0.5758396641781734,0.0,MoneyCoin
MONK,,,,,-0.3534610127174311,0.9556276627438378,-0.08253533779904657,0.0,Monkey Project
MOON,,,,,2.5640516449976696,-1.2386445793020173,-0.06672965508707236,1.0,MoonCoin
MSC,,,,,-0.16218435072651918,-1.058776114838468,-0.03934451265711955,1.0,MasterCoin
MST,,,,,-0.4073017219173075,1.1072630093851645,-0.36868697247835386,0.0,MustangCoin
MUDRA,,,,,-0.22475618317986423,1.5971083786242801,-0.3015486404950185,0.0,MudraCoin
MUN,,,,,-0.15242117604462865,-2.1927428168054703,0.35619236320084074,1.0,MUNcoin
MUSE,,,,,1.0048900718179203,1.684871525370344,-0.2787293294635155,0.0,Muse
MZC,,,,,-0.28015604899300495,0.8015065711161831,-0.3430940204343111,0.0,MazaCoin
NAMO,,,,,-0.34114444204351885,1.454528637272164,-0.5919466934460829,0.0,NamoCoin
NANO,,,,,-0.03518358650529125,-2.2208722990032173,0.3179340758801354,1.0,Nano
NAUT,,,,,-0.27750935391852627,0.9207638584076394,-0.2896420669730931,0.0,Nautilus Coin
NAV,,,,,-0.2790958907440582,1.7488552873108403,-0.5877116678505068,0.0,NavCoin
NBR,,,,,0.3068354440022823,-2.343481061967246,0.3913771944398537,1.0,Niobio Cash
NCP,,,,,2.114283223317974,-2.41280698341686,0.3628066456856578,1.0,Newton Coin
NEBU,,,,,-0.329943797482499,1.6468695838941092,-0.13952998317469908,0.0,Nebuchadnezzar
NEOS,,,,,-0.26320315299131847,0.6503483287643483,-0.05616366955421184,0.0,NeosCoin
NKA,,,,,-0.09627239824509273,0.8091760759034604,-0.34907197019747077,0.0,IncaKoin
NLG,,,,,-0.14519201489765748,-1.0593945733679146,-0.039620058177634664,1.0,Gulden
NMC,,,,,-0.14745079166013556,-1.3291884205832722,0.19412303743988252,1.0,Namecoin
NOBL,,,,,-0.026758830016123707,-1.0648419984749218,-0.041303386679972375,1.0,NobleCoin
NOTE,,,,,-0.2721359512843443,0.9206015417762504,-0.28973613884154337,0.0,Dnotes
NSD,,,,,-0.3306414925502536,1.0723622999849367,-0.5758028728798693,0.0,Nasdacoin
NTRN,,,,,-0.3161116843222618,0.8019688443848325,-0.3423344041234025,0.0,Neutron
NXS,,,,,-0.4389851541324136,1.9759708688953443,-0.3938932481279519,0.0,Nexus
NXT,,,,,-0.31147021900304933,1.8856768602781957,-0.318846869832326,0.0,Nxt
NYAN,,,,,-0.15570935465819424,-1.0587980985689671,-0.03949408690745126,1.0,NyanCoin
NYC,,,,,1.5871647476783972,-1.0007414737339264,-0.09310067204042101,1.0,NewYorkCoin
NZL,,,,,-0.3296269951876257,1.6468378576228295,-0.13953090732019205,0.0,Zealium
OC,,,,,-0.33002600949924654,1.0723010620053828,-0.5758047517061209,0.0,OrangeCoin
ODN,,,,,-0.3698601056690206,1.5525499903626792,-0.04340245399329486,0.0,Obsidian
OK,,,,,-0.31541407217574047,0.8019659418893152,-0.3423504077677119,0.0,OKCash
OMC,,,,,-0.16204835115859878,-1.0587735402180138,-0.039348287705425936,1.0,OmniCron
OMNI,,,,,-0.16218440930347228,-1.0587761146488202,-0.039344511302049634,1.0,Omni
ONION,,,,,-0.27950204145465385,1.7488285102683039,-0.5876964119941743,0.0,DeepOnion
ONT,,,,,-0.3085900008086755,1.6997648278276514,-0.4086956020903253,0.0,Ontology
ONX,,,,,-0.2287304176555018,-1.0243707819832004,0.1676339253028108,1.0,Onix
OPAL,,,,,-0.2797189123135776,1.7488346187310027,-0.5876925229067419,0.0,OpalCoin
ORB,,,,,-0.3498583863009055,0.4492350358955444,-0.22643370232685092,0.0,Orbitcoin
OS76,,,,,-0.16216611994925548,-1.0587769846460038,-0.03934476525389181,1.0,OsmiumCoin
OWC,,,,,-0.3311593379316121,1.0723894685089725,-0.575796211391108,0.0,Oduwa
OXY,,,,,3.695027534415206,1.8092278104072823,-0.5045685056487583,0.0,Oxycoin
PAC,,,,,0.47849096954319,-1.0705280757815399,0.16042493983979303,1.0,PacCoin
PAK,,,,,-0.16005176804616836,-1.0588330470731537,-0.03938340966180398,1.0,Pakcoin
PART,,,,,-0.3301555870055642,1.6468705586590557,-0.13952514411902062,0.0,Particl
PAXEX,,,,,-0.3528989526860527,0.9555906980678943,-0.08254100838649601,0.0,PAXEX
PCOIN,,,,,-0.2377711915939884,-1.0239125692292292,0.16775358470220295,1.0,Pioneer Coin
PHO,,,,,1.0891564832721836,-1.3154610318887947,-0.10396988993983418,1.0,Photon
PHR,,,,,-0.3299781224281424,1.646861405821946,-0.13952745990880427,0.0,Phreak
PIGGY,,,,,-0.3941855518276433,1.106996311654689,-0.3689436133783911,0.0,Piggy Coin
PINK,,,,,-0.3984434700560839,1.1072070238632923,-0.3688861954484453,0.0,PinkCoin
PIRATE,,,,,-0.2460530697391526,-0.03199581597973741,0.22619822961593763,0.0,PirateCash
PIRL,,,,,-0.14789750142130206,-2.3112579737479773,0.4704045463274103,1.0,Pirl
PIZZA,,,,,-0.23784384701556197,-1.0239163874242856,0.16775611104161403,1.0,PizzaCoin
PLNC,,,,,-0.33100652819969134,1.0723821909108455,-0.5757983313807237,0.0,PLNCoin
PLTC,,,,,0.30707241550913633,-2.34365903972828,0.39140868066790024,1.0,PlatinCoin
PLURA,,,,,0.31676259893791325,-2.3436191440662,0.39116964870732424,1.0,PluraCoin
PLUS1,,,,,-0.13649342540032547,-2.1168967401788605,0.40843020333072894,1.0,PlusOneCoin
PND,,,,,0.36664773090706754,0.9192566020774777,-0.3046640861623127,0.0,PandaCoin
PNX,,,,,-0.40642348153043467,1.1072590598339742,-0.3687070581925371,0.0,PhantomX
PNY,,,,,-0.15796808729040782,0.912858574359417,-0.29083904007939493,0.0,Peony Coin
POA,,,,,-0.29332327425355315,4.663646916181595,13.633341837061264,3.0,Poa Network
POP,,,,,-0.07820532777294535,-1.0595093718178605,-0.04119096620260921,1.0,PopularCoin
POSQ,,,,,-0.3384937180265504,1.5129046376473054,-0.17457520702757778,0.0,Poseidon Quark
POT,,,,,-0.3257834166038454,1.0722869432093252,-0.575902816375241,0.0,PotCoin
PPAI,,,,,-0.10718226135249179,-1.3293160035409026,0.19319091713710898,1.0,Project Pai
PRC,,,,,-0.16197667285007442,-1.0587835717431788,-0.0393479015726338,1.0,ProsperCoin
PROC,,,,,0.27029428111415216,0.6152666190407131,-0.0615470308979853,0.0,ProCurrency
PROTON,,,,,-0.302597085829508,0.6894648659966396,-0.10157734191653402,0.0,Proton
PRX,,,,,-0.3312025952820428,1.072388737392627,-0.575795028976911,0.0,Printerium
PSB,,,,,-0.3310791222261217,1.0724069122812965,-0.5758017601797546,0.0,PesoBit
PSD,,,,,-0.16199744521185194,-1.0587842608609221,-0.03934726325492936,1.0,Poseidon
PTC,,,,,-0.15933283648550603,-1.0587982054615346,-0.03940779473895798,1.0,PesetaCoin
PURA,,,,,-0.23340996417789653,-1.0239980734108016,0.16766758731667067,1.0,Pura
PUSHI,,,,,-0.40712705688113165,1.1072533172805952,-0.3686891091178015,0.0,Pushi
PUT,,,,,-0.30734365721711177,1.0717864600201614,-0.5762374339530066,0.0,PutinCoin
PWR,,,,,-0.23334439437554444,1.4589495981562968,-0.5954355194317323,0.0,PWR Coin
PXC,,,,,-0.32988871472542836,1.0723774181037433,-0.5758239492436299,0.0,PhoenixCoin
QRK,,,,,-0.2225871704142091,-0.46634331076705204,0.07564758186709215,1.0,QuarkCoin
QRL,,,,,-0.14599623507377618,-2.2006705655985486,0.4002971344632949,1.0,Quantum Resistant Ledger
QTL,,,,,-0.1613963603987072,-1.058819930899798,-0.03935413304203546,1.0,Quatloo
QTUM,,,,,-0.32188508902812696,1.5785020704417407,-0.057540006419013086,0.0,QTUM
QWC,,,,,3.10454108034768,-2.2766441946895037,0.3322326861609669,1.0,Qwertycoin
RADS,,,,,-0.33021980335770906,1.6468681707564459,-0.13952311707687448,0.0,Radium
RAIN,,,,,-0.40229296351769905,1.107079317910818,-0.36876790365976264,0.0,Condensate
RBY,,,,,-0.2774896106225778,0.9207759030562213,-0.2896450496826151,0.0,RubyCoin
RC,,,,,-0.33036437210145514,1.0723292572786507,-0.5758025776346557,0.0,Russiacoin
RCC,,,,,-0.15474208169275702,-2.043258318581578,0.4142323174107732,1.0,Reality Clash
RDD,,,,,0.027120033203105385,1.0842900768523411,-0.5868089275441947,0.0,Reddcoin
REC,,,,,-0.40705053714544637,1.107254447932896,-0.3686911668090832,0.0,Regalcoin
REV,,,,,-0.315477138424776,0.8018809789237504,-0.3423311820141685,0.0,Revenu
RIC,,,,,-0.19956745206536855,-1.3274909427671857,0.14930727558470908,1.0,Riecoin
RNS,,,,,-0.2771367428548376,0.9207633753860465,-0.2896508375406401,0.0,RenosCoin
ROOT,,,,,-0.33146546916971364,1.0723940953211144,-0.5757898880538591,0.0,RootCoin
ROYAL,,,,,-0.22618893439963356,1.5971998745661085,-0.30153361584766597,0.0,RoyalCoin
RPC,,,,,-0.16203372813973402,-1.0587854645376937,-0.039346148310202035,1.0,RonPaulCoin
RUP,,,,,-0.3127542879257729,0.6994990724081419,-0.12239936255853544,0.0,Rupee
RVR,,,,,-0.15813653784799014,-1.0587892199880833,-0.03943815135345987,1.0,Revolution VR
RYO,,,,,-0.145777739187678,-2.1820133290796124,0.24929174897720927,1.0,Ryo
SAFEX,,,,,-0.13141121484275087,0.48506492213958424,-0.5790707941100888,0.0,SafeExchangeCoin
SBC,,,,,-0.1601252080289964,-1.0588833510120772,-0.03937116719027735,1.0,StableCoin
SC,,,,,0.36565286931402163,-2.2073351162913144,0.30556672904375964,1.0,Siacoin
SCN,,,,,-0.23186682776754536,0.6732063140920072,-0.19814328776857415,0.0,Swiscoin
SEM,,,,,3.8806250384209013,1.7838283776702781,-0.7947667419394918,0.0,Semux
SH,,,,,-0.16184732045448855,-1.0587856159266789,-0.03935055482653158,1.0,Shilling
SIB,,,,,-0.14594715685048013,-2.257886289524939,0.513039321048774,1.0,SibCoin
SIC,,,,,-0.13429945611140143,1.0717548889723705,-0.5803507804029978,0.0,Swisscoin
SIGT,,,,,-0.33067641509513973,1.5654715875763197,-0.15293437055104633,0.0,Signatum
SJCX,,,,,-0.31732978230074244,1.6309629869470157,0.03457794710669517,0.0,StorjCoin
SLC,,,,,-0.19662160773796675,-1.6225511997571012,0.18313003323751365,1.0,SLICE
SLR,,,,,0.5349545467861274,-1.1047043084829395,-0.0463612414889968,1.0,SolarCoin
SMART,,,,,-0.10989013876047729,-1.2229038971683277,0.2955485675708569,1.0,SmartCash
SMC,,,,,-0.16151974583470421,-1.058789672147185,-0.0393575077316111,1.0,SmartCoin
SMLY,,,,,0.554676644361356,-1.070190754928979,-0.05403071445392978,1.0,SmileyCoin
SOCC,,,,,-0.16160064040792002,-1.058809109459035,-0.03935152690517302,1.0,SocialCoin
SOIL,,,,,-0.14914023097472523,-2.311210289238454,0.4704241863944588,1.0,SoilCoin
SOJ,,,,,-0.08764454824339438,-1.0636941585433195,-0.04009323807102247,1.0,Sojourn Coin
SONG,,,,,-0.1603053435981233,-1.0588613385037453,-0.03937147048115285,1.0,Song Coin
SOON,,,,,-0.14747860618256886,-1.3291893433228783,0.1941238921574299,1.0,SoonCoin
SPD,,,,,-0.3853038243434411,0.8479940152220498,-0.6455805200408928,0.0,Stipend
SPK,,,,,-0.18038658912609543,-1.6819405412756858,0.3100082529040926,1.0,SparksPay
SPR,,,,,-0.2377598090988966,-1.0239100798126073,0.16775279438092064,1.0,Spreadcoin
SQL,,,,,-0.40116488929754485,0.7405852374065776,0.034301654027173396,0.0,Squall Coin
SSS,,,,,0.031126950953512915,-1.0594019771514827,-0.04381641361212331,1.0,ShareChain
STCN,,,,,-0.3298441777796061,1.6468436050767508,-0.13952693550032436,0.0,Stakecoin
STV,,,,,-0.2797465062801461,1.748826663957333,-0.5876902064783339,0.0,Sativa Coin
SUCR,,,,,-0.23784588795084882,-1.0239127946692945,0.1677554101439394,1.0,Sucre
SUMO,,,,,0.30355213600563147,-2.343416034678962,0.3914417998326148,1.0,Sumokoin
SUPER,,,,,-0.35304372428490927,0.9556562888169207,-0.08255124455717491,0.0,SuperCoin
SWING,,,,,-0.31673549447928523,0.8019678598264587,-0.34231934671440145,0.0,SwingCoin
SXC,,,,,-0.15884412662976607,-1.0588408514671583,-0.039410533774913416,1.0,SexCoin
SYNC,,,,,-0.4073310439157497,1.1072641477367797,-0.36868651183696033,0.0,SyncCoin
SYS,,,,,-0.1345845609784845,-1.3293718984268157,0.19385498662492348,1.0,SysCoin
TAJ,,,,,-0.4047734446302998,1.9029983157003347,-0.5553072736192245,0.0,TajCoin
TAU,,,,,3.6883716764372103,1.8086550364886316,-0.5042905521534463,0.0,Lamden Tau
TCH,,,,,-0.24407364619546365,0.6502937927594498,-0.056607738656829075,0.0,TigerCash
TEAM,,,,,-0.32797549219149413,1.6467370761527336,-0.13954920306503155,0.0,TeamUP
TER,,,,,-0.3313635445654679,1.07238640139831,-0.5757907096920252,0.0,TerraNovaCoin
TES,,,,,-0.24555804761077935,0.12841609544773155,0.11527417994891208,0.0,TeslaCoin
TGC,,,,,-0.14691380965085712,-1.3291889170808058,0.19411035624872944,1.0,TigerCoin
TIT,,,,,-0.2942897199182204,1.6697536565981645,-0.29117899275233794,0.0,TittieCoin
TOKC,,,,,-0.21774040123243696,1.596918764323596,-0.3016761204399993,0.0,Tokyo Coin
TOR,,,,,-0.40724255393474446,1.1072600447220586,-0.3686877627202587,0.0,TorCoin
TPAY,,,,,-0.32339072312778355,1.578504916551019,-0.057504753176088885,0.0,TokenPay
TPC,,,,,-0.32432349198298827,1.0719270934770584,-0.5758625063409499,0.0,TPCash
TRC,,,,,-0.1472014039217787,-1.3291949298463792,0.19411845778401582,1.0,TerraCoin
TRF,,,,,-0.14740012994351545,-2.311201837292295,0.4703809939301277,1.0,Travelflex
TRI,,,,,-0.2799017418824759,1.7488284689350095,-0.5876868870816178,0.0,Triangles Coin
TRK,,,,,-0.4043637234138232,1.1073625885328393,-0.36877769531825766,0.0,TruckCoin
TROLL,,,,,-0.3178697376539297,1.0722115886214167,-0.5760755098217867,0.0,Trollcoin
TRTL,,,,,8.052460628464358,-2.7902205172397236,0.30015995640599386,1.0,TurtleCoin
TRVC,,,,,-0.3555997685410493,0.841088912774728,-0.38774657151680375,0.0,Trivechain
TSC,,,,,-0.19073020030185667,1.0643921198535498,-0.5774712888208106,0.0,ThunderStake
TTN,,,,,-0.29675410575456074,1.8316014140855628,-0.6633719807936403,0.0,Titan Coin
TUBE,,,,,0.31089044056044535,-2.3438139514054397,0.39135009533616616,1.0,BitTube
TZC,,,,,-0.3448505420019924,0.4491222496356359,-0.22652940337591612,0.0,TrezarCoin
U,,,,,-0.3534891212904664,0.9556274341842736,-0.0825346208944008,0.0,Ucoin
UBTC,,,,,-0.14739029393349135,-1.329185826504929,0.19412105592224552,1.0,UnitedBitcoin
UFO,,,,,-0.10544694485102016,-1.6822553956520292,0.30828973038739316,1.0,UFO Coin
UIS,,,,,-0.1308274747602253,-1.8510841579596566,0.36557760078450013,1.0,Unitus
UMO,,,,,-0.1369116171024872,-2.255363304284783,0.3599773685159246,1.0,Universal Molecule
UNB,,,,,-0.1471843133485195,-1.329221112404619,0.19412351286043972,1.0,UnbreakableCoin
UNIFY,,,,,-0.16183765066638822,-1.058777746697146,-0.03935242666065895,1.0,Unify
UNITS,,,,,-0.33135442040127544,1.0723886281791273,-0.5757913914569055,0.0,GameUnits
UNO,,,,,-0.1477759170557127,-1.3291845998811773,0.19412998116427985,1.0,Unobtanium
URALS,,,,,-0.1555780495999534,-0.5550841477826721,0.019887112933902593,1.0,Urals Coin
URO,,,,,-0.23802342410610206,-1.0239047464705686,0.1677579580779701,1.0,UroCoin
USC,,,,,-0.2618589309107073,0.6502668593317964,-0.05617867809404321,0.0,Ultimate Secure Cash
USDE,,,,,-0.3066866493565583,1.0720898301243156,-0.5763163628022052,0.0,UnitaryStatus Dollar
USX,,,,,-0.3269692816719369,1.0723799422394311,-0.5758939832918658,0.0,Unified Society USDEX
UTC,,,,,-0.330164725430239,1.0723668536496287,-0.5758151739625247,0.0,UltraCoin
VET,,,,,4.4259666541182705,2.8434638800392453,12.390638518299857,3.0,Vechain
VIA,,,,,-0.16174983731750903,-1.0587774544030957,-0.03935457834553147,1.0,ViaCoin
VIG,,,,,-0.3421005107586089,1.8335463407623,-0.6626980821174616,0.0,TheVig
VIP,,,,,-0.35486139183477594,1.4548549489567322,-0.5916881849951986,0.0,VIP Tokens
VITAE,,,,,-0.3416237087621711,1.5131879653142286,-0.17455979182967485,0.0,Vitae
VIVO,,,,,-0.1803890256591677,-1.6819448457176107,0.3100092088697803,1.0,VIVO Coin
VLTC,,,,,-0.23056689079114004,-1.0243613129962217,0.16767567373808018,1.0,VaultCoin
VLX,,,,,-0.27662900916956684,0.9207171653356596,-0.2896532860063863,0.0,Velox
VOLLAR,,,,,-0.1193808920035264,-2.2144869665966715,0.4828573397283623,1.0,Vollar
VRC,,,,,-0.27660410518954204,0.519820469051358,-0.35191021234099484,0.0,VeriCoin
VTC,,,,,-0.1963700787222725,-1.2800589516550038,0.12787673919689282,1.0,Vertcoin
VTR,,,,,-0.33120524985647626,1.072388649327805,-0.5757949474040075,0.0,Vtorrent
VUC,,,,,-0.3548992764214936,1.4548325740925003,-0.5916826153677179,0.0,Virta Unique Coin
WAGE,,,,,-0.3419557860710947,1.5131628700332815,-0.1745466503885853,0.0,Digiwage
WAVES,,,,,-0.4888960831576635,2.699434904701408,10.636177591386659,3.0,Waves
WBB,,,,,-0.16217544355087068,-1.0587772332143381,-0.0393444914182311,1.0,Wild Beast Coin
WDC,,,,,-0.1588488254223443,-1.0588518625906986,-0.03940812485832363,1.0,WorldCoin
WEBC,,,,,-0.13497129659006224,-2.2014627893394065,0.4001999134476358,1.0,Webchain
WOMEN,,,,,0.43879223882949925,1.08034881870096,-0.5957880571437529,0.0,WomenCoin
XBC,,,,,-0.27781348158895836,0.920764454785371,-0.2896349505436147,0.0,BitcoinPlus
XBI,,,,,-0.32009758650353554,1.2094931626538448,-0.11355459852923505,0.0,Bitcoin Incognito
XC,,,,,-0.4072069899946655,1.107264392254522,-0.36868951639084147,0.0,X11 Coin
XCG,,,,,-0.18651533879683752,-1.290099672495519,0.14870732001008344,1.0,Xchange
XCI,,,,,0.3029726752222636,-2.3433874687701537,0.3914496367848203,1.0,Cannabis Industry Coin
XCN,,,,,-0.12894393741398866,-2.2329269132495693,0.3328320329731605,1.0,Cryptonite
XCR,,,,,-0.24602653972720248,0.12847094685210325,0.1152738914452283,0.0,Crypti
XCRE,,,,,-0.329943797482499,1.6468695838941092,-0.13952998317469908,0.0,Creatio
XCXT,,,,,-0.33090760681856174,1.0723786359845042,-0.5757999449580404,0.0,CoinonatX
XDN,,,,,0.45829403682159425,-2.3452592909797936,0.3881421427912586,1.0,DigitalNote 
XDNA,,,,,-0.33943906483211805,0.9095285431779446,-0.23972523387917186,0.0,XDNA
XEN,,,,,-0.4072565716370366,1.1072639065473984,-0.36868823459953054,0.0,XenixCoin
XGR,,,,,-0.40683702847857467,1.107252379871606,-0.368695818721089,0.0,GoldReserve
XHI,,,,,-0.084433150764884,0.9201349306456317,-0.29410773108430793,0.0,HiCoin
XIN,,,,,-0.08941502421237456,0.6497930718864241,-0.06018548105034355,0.0,Infinity Economics
XIOS,,,,,-0.3313138110706277,1.0723843439024376,-0.5757914645577649,0.0,Xios
XJO,,,,,-0.14698119682233066,-1.32918973633795,0.19411213154628806,1.0,JouleCoin
XLC,,,,,0.30336823420255093,-2.343397576061156,0.3914423275921592,1.0,LeviarCoin
XMC,,,,,0.303138180745553,-2.343380147935871,0.3914441691283494,1.0,Monero Classic
XMCC,,,,,-0.407109811237816,1.1072647952760188,-0.36869191415155245,0.0,Monoeci
XMN,,,,,-0.18708848398717903,-1.2900638327898457,0.14871348920070324,1.0,Motion
XMR,,,,,-0.14737577518970468,-2.200642418301051,0.4003241074760483,1.0,Monero
XMY,,,,,-0.0967728318806839,-1.8513622741571385,0.36482482710701086,1.0,MyriadCoin
XNG,,,,,-0.4072856017475915,1.1072621362974464,-0.3686871741403252,0.0,Enigma
XPO,,,,,-0.32889943823410644,1.6468662177476312,-0.13955414564390947,0.0,Opair
XPY,,,,,-0.26317049329050346,0.650355395689802,-0.056165921375239625,0.0,PayCoin
XRA,,,,,-0.4051526216925626,1.1072836219038649,-0.36874243945603974,0.0,Ratecoin
XRC,,,,,-0.11058221827941456,-0.38234142486248546,-0.051242492052987976,1.0,Bitcoin Rhodium
XSH,,,,,-0.12104537218588744,-1.8512242363928972,0.36537392499716703,1.0,SHIELD
XSN,,,,,-0.42979278976190893,0.31942879366632676,0.25581563930317636,0.0,Stakenet
XST,,,,,-0.279499489532041,1.7488418980251714,-0.5876992655895296,0.0,StealthCoin
XT3,,,,,-0.277416432719956,0.9207473575700951,-0.28964083703097687,0.0,Xt3ch
XUN,,,,,1.1421471590824264,-2.3753677721755055,0.3781415578305603,1.0,UltraNote
XVG,,,,,0.1807715048377329,-1.8524005876923368,0.35843350122998696,1.0,Verge
XVP,,,,,-0.40646008873191486,1.1072226486447747,-0.3686985908413371,0.0,VirtacoinPlus
XWC,,,,,-0.3262766036379315,1.072355054068069,-0.5759052830010071,0.0,WhiteCoin
XZC,,,,,-0.1525393327227751,-2.2401156071503108,0.4651464644467611,1.0,ZCoin
YOC,,,,,-0.16099331342958054,-1.058854674799416,-0.03935648103721223,1.0,YoCoin
ZBC,,,,,-0.27739592122775114,0.9207402947475158,-0.28963985199517445,0.0,Zilbercoin
ZCC,,,,,-0.3225792715182032,1.0719849575409934,-0.5759161048106431,0.0,ZCC Coin
ZCL,,,,,-0.1311197903788698,-2.0115006076124757,0.4764977710274912,1.0,ZClassic
ZEC,,,,,-0.13109814449787574,-2.0114998895159593,0.4764971058672545,1.0,ZCash
ZEIT,,,,,0.877297568351034,0.8893960954248963,-0.31059268134053375,0.0,ZeitCoin
ZEN,,,,,-0.13109920285783705,-2.0114999246267775,0.4764971383897918,1.0,Horizen
ZEPH,,,,,2.452017299067724,0.7741309195353976,-0.28248035637148095,0.0,ZEPHYR
ZER,,,,,-0.1311321871216883,-2.0114982031308424,0.47649756457392367,1.0,Zero
ZET,,,,,-0.14449260493630206,-1.3291950259382086,0.19405398523790127,1.0,ZetaCoin
ZNE,,,,,-0.33130852308437286,1.0723845193300174,-0.575791627053262,0.0,ZoneCoin
ZNY,,,,,-0.15949645437155394,-1.0588624922717012,-0.03939048827642045,1.0,BitZeny
ZOI,,,,,-0.14690715498384918,-2.177358440148339,0.3724005180978621,1.0,Zoin
ZYD,,,,,-0.14763464874036344,-1.3291865908695693,0.19412703311243862,1.0,ZayedCoin
